{"cameraMode":{"drawMode":0,"name":"Shaded","section":"Shading Mode"},"sceneLighting":false,"audioPlay":false,"sceneViewState":{"m_AlwaysRefresh":false,"showFog":true,"showSkybox":false,"showFlares":true,"showImageEffects":true,"showParticleSystems":true,"showVisualEffectGraphs":true,"m_FxEnabled":true},"in2DMode":false,"pivot":{"x":9.010000228881836,"y":0.6349999904632568,"z":0.3600001335144043},"rotation":{"x":0.08121972531080246,"y":0.005976344458758831,"z":-0.0004855737497564405,"w":0.9966880679130554},"size":5.066804885864258,"orthographic":false}