{"cameraMode":{"drawMode":0,"name":"Shaded","section":"Shading Mode"},"sceneLighting":true,"audioPlay":false,"sceneViewState":{"m_AlwaysRefresh":false,"showFog":true,"showSkybox":true,"showFlares":true,"showImageEffects":true,"showParticleSystems":true,"showVisualEffectGraphs":true,"m_FxEnabled":true},"in2DMode":false,"pivot":{"x":448.78076171875,"y":201.60324096679688,"z":1.91717529296875},"rotation":{"x":0.052785199135541919,"y":-0.0029998519457876684,"z":0.00015797819651197642,"w":0.9986071586608887},"size":214.36375427246095,"orthographic":false}