{"cameraMode":{"drawMode":0,"name":"Shaded","section":"Shading Mode"},"sceneLighting":true,"audioPlay":false,"sceneViewState":{"m_AlwaysRefresh":false,"showFog":true,"showSkybox":true,"showFlares":true,"showImageEffects":true,"showParticleSystems":true,"showVisualEffectGraphs":true,"m_FxEnabled":true},"in2DMode":false,"pivot":{"x":-2.284139633178711,"y":-0.16785049438476563,"z":85.41759490966797},"rotation":{"x":0.12851834297180177,"y":-0.7076862454414368,"z":0.13340029120445252,"w":0.6818317770957947},"size":35.633480072021487,"orthographic":false}